{
    "counter": {
        "ACTIVE": 12337,
        "INACTIVE": 8663,
        "INVALID": 0,
        "MALICIOUS": 0,
        "SANE": 0,
        "VALID": 0,
        "total": 21000
    },
    "percentage": {
        "ACTIVE": 58.74761904761905,
        "INACTIVE": 41.26810213414634,
        "INVALID": 0,
        "MALICIOUS": 0,
        "SANE": 0,
        "VALID": 0,
        "total": 100.01572118176539
    }
}