{
    "counter": {
        "ACTIVE": 11975,
        "INACTIVE": 9025,
        "INVALID": 0,
        "MALICIOUS": 0,
        "SANE": 0,
        "VALID": 0,
        "total": 21000
    },
    "percentage": {
        "ACTIVE": 57.023809523809526,
        "INACTIVE": 42.9884728970182,
        "INVALID": 0,
        "MALICIOUS": 0,
        "SANE": 0,
        "VALID": 0,
        "total": 100.01228242082772
    }
}