{
    "counter": {
        "ACTIVE": 11891,
        "INACTIVE": 9109,
        "INVALID": 0,
        "MALICIOUS": 0,
        "SANE": 0,
        "VALID": 0,
        "total": 21000
    },
    "percentage": {
        "ACTIVE": 56.62380952380953,
        "INACTIVE": 43.38858721539488,
        "INVALID": 0,
        "MALICIOUS": 0,
        "SANE": 0,
        "VALID": 0,
        "total": 100.0123967392044
    }
}