{
    "counter": {
        "ACTIVE": 12475,
        "INACTIVE": 8525,
        "INVALID": 0,
        "MALICIOUS": 0,
        "SANE": 0,
        "VALID": 0,
        "total": 21000
    },
    "percentage": {
        "ACTIVE": 59.404761904761905,
        "INACTIVE": 40.61070884146341,
        "INVALID": 0,
        "MALICIOUS": 0,
        "SANE": 0,
        "VALID": 0,
        "total": 100.01547074622532
    }
}