{
    "counter": {
        "ACTIVE": 12097,
        "INACTIVE": 8903,
        "INVALID": 0,
        "MALICIOUS": 0,
        "SANE": 0,
        "VALID": 0,
        "total": 21000
    },
    "percentage": {
        "ACTIVE": 57.60476190476191,
        "INACTIVE": 42.40735448223302,
        "INVALID": 0,
        "MALICIOUS": 0,
        "SANE": 0,
        "VALID": 0,
        "total": 100.01211638699493
    }
}