{
    "counter": {
        "ACTIVE": 11744,
        "INACTIVE": 9256,
        "INVALID": 0,
        "MALICIOUS": 0,
        "SANE": 0,
        "VALID": 0,
        "total": 21000
    },
    "percentage": {
        "ACTIVE": 55.923809523809524,
        "INACTIVE": 44.088787272554065,
        "INVALID": 0,
        "MALICIOUS": 0,
        "SANE": 0,
        "VALID": 0,
        "total": 100.0125967963636
    }
}