{
    "counter": {
        "ACTIVE": 12245,
        "INACTIVE": 8755,
        "INVALID": 0,
        "MALICIOUS": 0,
        "SANE": 0,
        "VALID": 0,
        "total": 21000
    },
    "percentage": {
        "ACTIVE": 58.30952380952381,
        "INACTIVE": 41.70636432926829,
        "INVALID": 0,
        "MALICIOUS": 0,
        "SANE": 0,
        "VALID": 0,
        "total": 100.01588813879209
    }
}